repo_name,easy_file,hard_file
KDE/kwin,src/activation.cpp,src/plugins/platforms/drm/drm_gpu.cpp
KDE/kwin,src/effects/overview/expolayout.cpp,src/plugins/platforms/drm/drm_gpu.cpp
KDE/kwin,src/screens.h,src/plugins/platforms/drm/drm_gpu.cpp
KDE/kwin,src/effects.cpp,src/plugins/platforms/drm/drm_gpu.cpp
KDE/kwin,src/toplevel.h,src/plugins/platforms/drm/drm_gpu.cpp
KDE/kwin,src/scripting/workspace_wrapper.cpp,src/plugins/platforms/drm/drm_gpu.cpp
KDE/kwin,src/screens.cpp,src/plugins/platforms/drm/drm_gpu.cpp
KDE/kwin,src/scripting/workspace_wrapper.cpp,src/plugins/platforms/drm/drm_object.h
KDE/kwin,src/activation.cpp,src/plugins/platforms/drm/drm_object.h
KDE/kwin,src/effects/overview/expolayout.cpp,src/plugins/platforms/drm/drm_object.h
KDE/kwin,src/effects.cpp,src/plugins/platforms/drm/drm_object.h
KDE/kwin,src/screens.cpp,src/plugins/platforms/drm/drm_object.h
KDE/kwin,src/toplevel.h,src/plugins/platforms/drm/drm_object.h
KDE/kwin,src/screens.h,src/plugins/platforms/drm/drm_object.h
KDE/kwin,src/effects/overview/expolayout.cpp,src/plugins/platforms/drm/drm_object.cpp
KDE/kwin,src/scripting/workspace_wrapper.cpp,src/plugins/platforms/drm/drm_object.cpp
KDE/kwin,src/activation.cpp,src/plugins/platforms/drm/drm_object.cpp
KDE/kwin,src/screens.cpp,src/plugins/platforms/drm/drm_object.cpp
KDE/kwin,src/screens.h,src/plugins/platforms/drm/drm_object.cpp
KDE/kwin,src/effects.cpp,src/plugins/platforms/drm/drm_object.cpp
KDE/kwin,src/toplevel.h,src/plugins/platforms/drm/drm_object.cpp
KDE/kwin,src/activation.cpp,src/plugins/platforms/drm/drm_object_plane.cpp
KDE/kwin,src/effects.cpp,src/plugins/platforms/drm/drm_object_plane.cpp
KDE/kwin,src/screens.h,src/plugins/platforms/drm/drm_object_plane.cpp
KDE/kwin,src/scripting/workspace_wrapper.cpp,src/plugins/platforms/drm/drm_object_plane.cpp
KDE/kwin,src/screens.cpp,src/plugins/platforms/drm/drm_object_plane.cpp
KDE/kwin,src/effects/overview/expolayout.cpp,src/plugins/platforms/drm/drm_object_plane.cpp
KDE/kwin,src/toplevel.h,src/plugins/platforms/drm/drm_object_plane.cpp
KDE/kwin,src/activation.cpp,src/plugins/platforms/drm/drm_object_connector.cpp
KDE/kwin,src/screens.cpp,src/plugins/platforms/drm/drm_object_connector.cpp
KDE/kwin,src/toplevel.h,src/plugins/platforms/drm/drm_object_connector.cpp
KDE/kwin,src/effects.cpp,src/plugins/platforms/drm/drm_object_connector.cpp
KDE/kwin,src/scripting/workspace_wrapper.cpp,src/plugins/platforms/drm/drm_object_connector.cpp
KDE/kwin,src/screens.h,src/plugins/platforms/drm/drm_object_connector.cpp
KDE/kwin,src/effects/overview/expolayout.cpp,src/plugins/platforms/drm/drm_object_connector.cpp
KDE/kwin,src/screens.h,src/plugins/platforms/x11/standalone/x11_output.cpp
KDE/kwin,src/screens.cpp,src/plugins/platforms/x11/standalone/x11_output.cpp
KDE/kwin,src/toplevel.h,src/plugins/platforms/x11/standalone/x11_output.cpp
KDE/kwin,src/effects.cpp,src/plugins/platforms/x11/standalone/x11_output.cpp
KDE/kwin,src/effects/overview/expolayout.cpp,src/plugins/platforms/x11/standalone/x11_output.cpp
KDE/kwin,src/scripting/workspace_wrapper.cpp,src/plugins/platforms/x11/standalone/x11_output.cpp
KDE/kwin,src/activation.cpp,src/plugins/platforms/x11/standalone/x11_output.cpp
qgis/QGIS,src/gui/annotations/qgsmaptoolmodifyannotation.cpp,src/app/qgsprovidersublayersdialog.cpp
qgis/QGIS,src/gui/annotations/qgscreateannotationitemmaptool_impl.h,src/app/qgsprovidersublayersdialog.cpp
qgis/QGIS,src/gui/annotations/qgsmaptoolmodifyannotation.h,src/app/qgsprovidersublayersdialog.cpp
qgis/QGIS,src/app/annotations/qgsannotationlayerproperties.cpp,src/app/qgsprovidersublayersdialog.cpp
qgis/QGIS,src/core/annotations/qgsannotationitemeditoperation.h,src/app/qgsprovidersublayersdialog.cpp
qgis/QGIS,src/gui/annotations/qgsmaptoolmodifyannotation.cpp,src/core/maprenderer/qgsrendereditemresults.h
qgis/QGIS,src/core/annotations/qgsannotationitemeditoperation.h,src/core/maprenderer/qgsrendereditemresults.h
qgis/QGIS,src/gui/annotations/qgsmaptoolmodifyannotation.h,src/core/maprenderer/qgsrendereditemresults.h
qgis/QGIS,src/app/annotations/qgsannotationlayerproperties.cpp,src/core/maprenderer/qgsrendereditemresults.h
qgis/QGIS,src/gui/annotations/qgscreateannotationitemmaptool_impl.h,src/core/maprenderer/qgsrendereditemresults.h
qgis/QGIS,src/gui/annotations/qgsmaptoolmodifyannotation.h,src/core/maprenderer/qgsrendereditemresults.cpp
qgis/QGIS,src/gui/annotations/qgsmaptoolmodifyannotation.cpp,src/core/maprenderer/qgsrendereditemresults.cpp
qgis/QGIS,src/core/annotations/qgsannotationitemeditoperation.h,src/core/maprenderer/qgsrendereditemresults.cpp
qgis/QGIS,src/app/annotations/qgsannotationlayerproperties.cpp,src/core/maprenderer/qgsrendereditemresults.cpp
qgis/QGIS,src/gui/annotations/qgscreateannotationitemmaptool_impl.h,src/core/maprenderer/qgsrendereditemresults.cpp
qgis/QGIS,src/gui/annotations/qgsmaptoolmodifyannotation.cpp,src/app/annotations/qgsannotationitempropertieswidget.cpp
qgis/QGIS,src/core/annotations/qgsannotationitemeditoperation.h,src/app/annotations/qgsannotationitempropertieswidget.cpp
qgis/QGIS,src/app/annotations/qgsannotationlayerproperties.cpp,src/app/annotations/qgsannotationitempropertieswidget.cpp
qgis/QGIS,src/gui/annotations/qgscreateannotationitemmaptool_impl.h,src/app/annotations/qgsannotationitempropertieswidget.cpp
qgis/QGIS,src/gui/annotations/qgsmaptoolmodifyannotation.h,src/app/annotations/qgsannotationitempropertieswidget.cpp
ETLCPP/etl,include/etl/message_router.h,include/etl/fsm.h
ETLCPP/etl,include/etl/message_router.h,include/etl/variant.h
ETLCPP/etl,include/etl/message_router.h,include/etl/version.h
ETLCPP/etl,include/etl/message_router.h,include/etl/type_traits.h
apple/swift,lib/AST/RequirementMachine/Symbol.h,lib/AST/RequirementMachine/PropertyMap.h
apple/swift,lib/AST/RequirementMachine/RewriteContext.cpp,lib/AST/RequirementMachine/PropertyMap.h
apple/swift,lib/AST/RequirementMachine/Debug.h,lib/AST/RequirementMachine/PropertyMap.h
apple/swift,lib/AST/RequirementMachine/RewriteContext.h,lib/AST/RequirementMachine/PropertyMap.h
apple/swift,lib/AST/RequirementMachine/HomotopyReduction.cpp,lib/AST/RequirementMachine/PropertyMap.h
apple/swift,lib/AST/RequirementMachine/Trie.h,lib/AST/RequirementMachine/PropertyMap.h
apple/swift,lib/AST/RequirementMachine/Debug.h,lib/AST/RequirementMachine/PropertyMap.cpp
apple/swift,lib/AST/RequirementMachine/RewriteContext.cpp,lib/AST/RequirementMachine/PropertyMap.cpp
apple/swift,lib/AST/RequirementMachine/Symbol.h,lib/AST/RequirementMachine/PropertyMap.cpp
apple/swift,lib/AST/RequirementMachine/RewriteContext.h,lib/AST/RequirementMachine/PropertyMap.cpp
apple/swift,lib/AST/RequirementMachine/HomotopyReduction.cpp,lib/AST/RequirementMachine/PropertyMap.cpp
apple/swift,lib/AST/RequirementMachine/Trie.h,lib/AST/RequirementMachine/PropertyMap.cpp
apple/swift,lib/AST/RequirementMachine/RewriteContext.h,lib/AST/RequirementMachine/GenericSignatureQueries.cpp
apple/swift,lib/AST/RequirementMachine/Trie.h,lib/AST/RequirementMachine/GenericSignatureQueries.cpp
apple/swift,lib/AST/RequirementMachine/RewriteContext.cpp,lib/AST/RequirementMachine/GenericSignatureQueries.cpp
apple/swift,lib/AST/RequirementMachine/Symbol.h,lib/AST/RequirementMachine/GenericSignatureQueries.cpp
apple/swift,lib/AST/RequirementMachine/Debug.h,lib/AST/RequirementMachine/GenericSignatureQueries.cpp
apple/swift,lib/AST/RequirementMachine/HomotopyReduction.cpp,lib/AST/RequirementMachine/GenericSignatureQueries.cpp
elfmz/far2l,far2l/filefilterparams.cpp,far2l/main.cpp
elfmz/far2l,far2l/macro.cpp,far2l/main.cpp
elfmz/far2l,far2l/viewer.cpp,far2l/main.cpp
elfmz/far2l,far2l/treelist.cpp,far2l/main.cpp
elfmz/far2l,far2l/farwinapi.hpp,far2l/main.cpp
elfmz/far2l,far2l/flshow.cpp,far2l/main.cpp
elfmz/far2l,far2l/config.cpp,far2l/main.cpp
elfmz/far2l,WinPort/windows.h,far2l/main.cpp
elfmz/far2l,far2l/flupdate.cpp,far2l/main.cpp
elfmz/far2l,far2l/syslog.cpp,far2l/main.cpp
elfmz/far2l,far2l/filelist.hpp,far2l/main.cpp
elfmz/far2l,WinPort/windows.h,far2l/delete.cpp
elfmz/far2l,far2l/filelist.hpp,far2l/delete.cpp
elfmz/far2l,far2l/farwinapi.hpp,far2l/delete.cpp
elfmz/far2l,far2l/flshow.cpp,far2l/delete.cpp
elfmz/far2l,far2l/macro.cpp,far2l/delete.cpp
elfmz/far2l,far2l/filefilterparams.cpp,far2l/delete.cpp
elfmz/far2l,far2l/config.cpp,far2l/delete.cpp
elfmz/far2l,far2l/viewer.cpp,far2l/delete.cpp
elfmz/far2l,far2l/treelist.cpp,far2l/delete.cpp
elfmz/far2l,far2l/flupdate.cpp,far2l/delete.cpp
elfmz/far2l,far2l/syslog.cpp,far2l/delete.cpp
elfmz/far2l,far2l/treelist.cpp,utils/include/utils.h
elfmz/far2l,far2l/viewer.cpp,utils/include/utils.h
elfmz/far2l,far2l/flshow.cpp,utils/include/utils.h
elfmz/far2l,far2l/farwinapi.hpp,utils/include/utils.h
elfmz/far2l,far2l/flupdate.cpp,utils/include/utils.h
elfmz/far2l,far2l/syslog.cpp,utils/include/utils.h
elfmz/far2l,far2l/filelist.hpp,utils/include/utils.h
elfmz/far2l,far2l/filefilterparams.cpp,utils/include/utils.h
elfmz/far2l,far2l/config.cpp,utils/include/utils.h
elfmz/far2l,far2l/macro.cpp,utils/include/utils.h
elfmz/far2l,WinPort/windows.h,utils/include/utils.h
Ardour/ardour,gtk2_ardour/triggerbox_ui.h,libs/canvas/table.cc
Ardour/ardour,gtk2_ardour/triggerbox_ui.h,libs/canvas/canvas/table.h
AscEmu/AscEmu,src/world/Units/Players/Player.cpp,src/world/Chat/Commands/DebugCommands.cpp
Harrand/Topaz,demo/gl/tz_compute_demo.cpp,tools/tzslc/preprocessor.cpp
Harrand/Topaz,demo/gl/tz_compute_demo.cpp,src/gl/impl/backend/vk/command.cpp
Harrand/Topaz,demo/gl/tz_compute_demo.cpp,demo/gl/tz_invert_triangle_demo.cpp
Harrand/Topaz,demo/gl/tz_compute_demo.cpp,src/gl/impl/backend/ogl/texture.hpp
Harrand/Topaz,demo/gl/tz_compute_demo.cpp,src/gl/impl/frontend/vk/renderer.cpp
Harrand/Topaz,demo/gl/tz_compute_demo.cpp,src/gl/impl/frontend/vk/renderer.hpp
XCSoar/XCSoar,src/Math/Angle.hpp,src/Terrain/RasterTerrain.cpp
XCSoar/XCSoar,src/Device/Descriptor.hpp,src/Terrain/RasterTerrain.cpp
ngtcp2/ngtcp2,examples/server.h,lib/ngtcp2_conn.h
skypjack/entt,src/entt/entity/registry.hpp,src/entt/entity/view.hpp
OPM/opm-common,src/opm/parser/eclipse/Deck/Deck.cpp,src/opm/parser/eclipse/EclipseState/Schedule/Schedule.cpp
OPM/opm-common,src/opm/parser/eclipse/Deck/DeckKeyword.cpp,src/opm/parser/eclipse/EclipseState/Schedule/Schedule.cpp
OPM/opm-common,src/opm/output/eclipse/CreateActionRSTDims.cpp,src/opm/parser/eclipse/EclipseState/Schedule/ScheduleDeck.cpp
OPM/opm-common,opm/output/eclipse/VectorItems/action.hpp,src/opm/parser/eclipse/EclipseState/Schedule/ScheduleDeck.cpp
OPM/opm-common,opm/io/eclipse/rst/action.hpp,src/opm/parser/eclipse/EclipseState/Schedule/ScheduleDeck.cpp
gansm/finalcut,src/ftermdetection.cpp,src/include/final/fterm.h
gansm/finalcut,src/ftermlinux.cpp,src/include/final/fterm.h
gansm/finalcut,src/fkeyboard.cpp,src/include/final/fterm.h
gansm/finalcut,src/ftermcap.cpp,src/include/final/fterm.h
gansm/finalcut,src/ftermxterminal.cpp,src/include/final/fterm.h
gansm/finalcut,src/ftermxterminal.cpp,src/include/final/fwidget.h
gansm/finalcut,src/ftermcap.cpp,src/include/final/fwidget.h
gansm/finalcut,src/ftermlinux.cpp,src/include/final/fwidget.h
gansm/finalcut,src/ftermdetection.cpp,src/include/final/fwidget.h
gansm/finalcut,src/fkeyboard.cpp,src/include/final/fwidget.h
gansm/finalcut,src/ftermxterminal.cpp,src/include/final/flistbox.h
gansm/finalcut,src/ftermlinux.cpp,src/include/final/flistbox.h
gansm/finalcut,src/ftermcap.cpp,src/include/final/flistbox.h
gansm/finalcut,src/fkeyboard.cpp,src/include/final/flistbox.h
gansm/finalcut,src/ftermdetection.cpp,src/include/final/flistbox.h
gansm/finalcut,src/ftermdetection.cpp,src/include/final/ftextview.h
gansm/finalcut,src/ftermxterminal.cpp,src/include/final/ftextview.h
gansm/finalcut,src/ftermlinux.cpp,src/include/final/ftextview.h
gansm/finalcut,src/fkeyboard.cpp,src/include/final/ftextview.h
gansm/finalcut,src/ftermcap.cpp,src/include/final/ftextview.h
genn-team/genn,include/genn/genn/code_generator/backendBase.h,src/genn/backends/cuda/backend.cc
genn-team/genn,src/genn/genn/gennUtils.cc,src/genn/backends/cuda/backend.cc
genn-team/genn,src/genn/backends/single_threaded_cpu/backend.cc,src/genn/backends/cuda/backend.cc
genn-team/genn,include/genn/genn/gennUtils.h,src/genn/backends/cuda/backend.cc
genn-team/genn,include/genn/backends/single_threaded_cpu/backend.h,src/genn/backends/cuda/backend.cc
genn-team/genn,include/genn/genn/code_generator/backendBase.h,src/genn/genn/code_generator/generateRunner.cc
genn-team/genn,include/genn/backends/single_threaded_cpu/backend.h,src/genn/genn/code_generator/generateRunner.cc
genn-team/genn,include/genn/genn/gennUtils.h,src/genn/genn/code_generator/generateRunner.cc
genn-team/genn,src/genn/genn/gennUtils.cc,src/genn/genn/code_generator/generateRunner.cc
genn-team/genn,src/genn/backends/single_threaded_cpu/backend.cc,src/genn/genn/code_generator/generateRunner.cc
marekjm/viuavm,new/src/support/string.cpp,new/src/codec.cpp
marekjm/viuavm,new/include/viua/vm/types/traits.h,new/src/codec.cpp
marekjm/viuavm,new/include/viua/arch/ins.h,new/src/codec.cpp
marekjm/viuavm,new/include/viua/vm/types.h,new/src/codec.cpp
marekjm/viuavm,new/include/viua/vm/types/value.h,new/src/codec.cpp
marekjm/viuavm,new/src/vm/types.cpp,new/src/codec.cpp
marekjm/viuavm,new/include/viua/vm/ins.h,new/src/codec.cpp
marekjm/viuavm,new/src/tools/vm.cpp,new/src/codec.cpp
marekjm/viuavm,new/src/tools/asm.cpp,new/src/codec.cpp
marekjm/viuavm,new/src/vm/types.cpp,new/src/tools/exec/asm.cpp
marekjm/viuavm,new/src/tools/vm.cpp,new/src/tools/exec/asm.cpp
marekjm/viuavm,new/src/tools/asm.cpp,new/src/tools/exec/asm.cpp
marekjm/viuavm,new/include/viua/vm/types/traits.h,new/src/tools/exec/asm.cpp
marekjm/viuavm,new/src/support/string.cpp,new/src/tools/exec/asm.cpp
marekjm/viuavm,new/include/viua/vm/types/value.h,new/src/tools/exec/asm.cpp
marekjm/viuavm,new/include/viua/vm/ins.h,new/src/tools/exec/asm.cpp
marekjm/viuavm,new/include/viua/vm/types.h,new/src/tools/exec/asm.cpp
marekjm/viuavm,new/include/viua/arch/ins.h,new/src/tools/exec/asm.cpp
marekjm/viuavm,new/src/tools/asm.cpp,new/src/tools/libs/lexer.cpp
marekjm/viuavm,new/include/viua/arch/ins.h,new/src/tools/libs/lexer.cpp
marekjm/viuavm,new/src/support/string.cpp,new/src/tools/libs/lexer.cpp
marekjm/viuavm,new/src/tools/vm.cpp,new/src/tools/libs/lexer.cpp
marekjm/viuavm,new/include/viua/vm/ins.h,new/src/tools/libs/lexer.cpp
marekjm/viuavm,new/include/viua/vm/types/traits.h,new/src/tools/libs/lexer.cpp
marekjm/viuavm,new/src/vm/types.cpp,new/src/tools/libs/lexer.cpp
marekjm/viuavm,new/include/viua/vm/types/value.h,new/src/tools/libs/lexer.cpp
marekjm/viuavm,new/include/viua/vm/types.h,new/src/tools/libs/lexer.cpp
marekjm/viuavm,new/src/tools/vm.cpp,new/src/tools/libs/errors/compile_time.cpp
marekjm/viuavm,new/src/support/string.cpp,new/src/tools/libs/errors/compile_time.cpp
marekjm/viuavm,new/src/vm/types.cpp,new/src/tools/libs/errors/compile_time.cpp
marekjm/viuavm,new/include/viua/vm/types/traits.h,new/src/tools/libs/errors/compile_time.cpp
marekjm/viuavm,new/include/viua/vm/types/value.h,new/src/tools/libs/errors/compile_time.cpp
marekjm/viuavm,new/include/viua/vm/types.h,new/src/tools/libs/errors/compile_time.cpp
marekjm/viuavm,new/src/tools/asm.cpp,new/src/tools/libs/errors/compile_time.cpp
marekjm/viuavm,new/include/viua/vm/ins.h,new/src/tools/libs/errors/compile_time.cpp
marekjm/viuavm,new/include/viua/arch/ins.h,new/src/tools/libs/errors/compile_time.cpp
marekjm/viuavm,new/include/viua/vm/ins.h,new/include/viua/libs/errors/compile_time.h
marekjm/viuavm,new/include/viua/vm/types.h,new/include/viua/libs/errors/compile_time.h
marekjm/viuavm,new/src/tools/vm.cpp,new/include/viua/libs/errors/compile_time.h
marekjm/viuavm,new/include/viua/arch/ins.h,new/include/viua/libs/errors/compile_time.h
marekjm/viuavm,new/src/support/string.cpp,new/include/viua/libs/errors/compile_time.h
marekjm/viuavm,new/src/tools/asm.cpp,new/include/viua/libs/errors/compile_time.h
marekjm/viuavm,new/include/viua/vm/types/traits.h,new/include/viua/libs/errors/compile_time.h
marekjm/viuavm,new/src/vm/types.cpp,new/include/viua/libs/errors/compile_time.h
marekjm/viuavm,new/include/viua/vm/types/value.h,new/include/viua/libs/errors/compile_time.h
pbek/QOwnNotes,src/utils/misc.h,src/utils/misc.cpp
awsteiner/o2scl,src/hdf/acolm_gi.cpp,src/hdf/acolm_ac.cpp
awsteiner/o2scl,src/base/string_conv.cpp,src/base/convert_units.h
awsteiner/o2scl,src/base/string_conv.cpp,src/other/prob_dens_func.h
craigbarnes/dte,src/bind.c,src/options.c
craigbarnes/dte,src/indent.c,src/options.c
midwan/amiberry,src/osdep/target.h,src/include/options.h
midwan/amiberry,src/main.cpp,src/include/options.h
midwan/amiberry,src/osdep/amiberry.cpp,src/osdep/amiberry_gfx.cpp
midwan/amiberry,src/osdep/amiberry.cpp,src/osdep/amiberry_input.cpp
sctplab/usrsctp,usrsctplib/netinet/sctputil.c,usrsctplib/netinet/sctp_ss_functions.c
sctplab/usrsctp,usrsctplib/netinet/sctp_usrreq.c,usrsctplib/netinet/sctp_ss_functions.c
towhee/Winnow64,Image/pixmap.cpp,Main/global.h
towhee/Winnow64,Image/pixmap.cpp,Cache/mdcache.h
towhee/Winnow64,Image/pixmap.cpp,Main/global.cpp
towhee/Winnow64,Image/pixmap.cpp,Cache/mdcache.cpp
towhee/Winnow64,Image/pixmap.cpp,Views/imageview.cpp
towhee/Winnow64,Image/pixmap.cpp,Cache/imagecache.cpp
towhee/Winnow64,Cache/cachedata.h,Cache/imagedecoder.h
ttadano/alamode,anphon/ewald.h,anphon/scph.h
ttadano/alamode,anphon/ewald.h,anphon/scph.cpp
ttadano/alamode,anphon/integration.h,anphon/system.cpp
ttadano/alamode,anphon/phonon_dos.h,anphon/system.cpp
ttadano/alamode,anphon/gruneisen.h,anphon/system.cpp
ttadano/alamode,anphon/phonon_velocity.h,anphon/system.cpp
ttadano/alamode,anphon/phonon_velocity.h,anphon/isotope.cpp
ttadano/alamode,anphon/phonon_dos.h,anphon/isotope.cpp
ttadano/alamode,anphon/integration.h,anphon/isotope.cpp
ttadano/alamode,anphon/gruneisen.h,anphon/isotope.cpp
ttadano/alamode,anphon/gruneisen.h,anphon/gruneisen.cpp
ttadano/alamode,anphon/integration.h,anphon/gruneisen.cpp
ttadano/alamode,anphon/phonon_velocity.h,anphon/gruneisen.cpp
ttadano/alamode,anphon/phonon_dos.h,anphon/gruneisen.cpp
ttadano/alamode,anphon/gruneisen.h,anphon/fcs_phonon.cpp
ttadano/alamode,anphon/phonon_velocity.h,anphon/fcs_phonon.cpp
ttadano/alamode,anphon/phonon_dos.h,anphon/fcs_phonon.cpp
ttadano/alamode,anphon/integration.h,anphon/fcs_phonon.cpp
ttadano/alamode,anphon/integration.h,anphon/conductivity.cpp
ttadano/alamode,anphon/gruneisen.h,anphon/conductivity.cpp
ttadano/alamode,anphon/phonon_velocity.h,anphon/conductivity.cpp
ttadano/alamode,anphon/phonon_dos.h,anphon/conductivity.cpp
ttadano/alamode,anphon/mode_analysis.h,anphon/anharmonic_core.h
ttadano/alamode,anphon/mode_analysis.h,anphon/mode_analysis.cpp
ttadano/alamode,anphon/mode_analysis.h,anphon/anharmonic_core.cpp
ttadano/alamode,anphon/gruneisen.h,anphon/phonon_velocity.cpp
ttadano/alamode,anphon/phonon_dos.h,anphon/phonon_velocity.cpp
ttadano/alamode,anphon/integration.h,anphon/phonon_velocity.cpp
ttadano/alamode,anphon/phonon_velocity.h,anphon/phonon_velocity.cpp
KDE/kpimtextedit,src/emoticon/emoticontexteditselector.cpp,src/grantleebuilder/markupdirector.cpp
aleksigron/kokko,src/Engine/JobSystem.hpp,src/Engine/JobSystem.cpp
aleksigron/kokko,src/Editor/DebugView.cpp,src/Engine/JobSystem.cpp
aleksigron/kokko,src/Editor/AssetBrowserView.cpp,src/Engine/JobSystem.cpp
aleksigron/kokko,src/Editor/EditorCore.cpp,src/Engine/JobSystem.cpp
aleksigron/kokko,src/Editor/EditorCore.hpp,src/Engine/JobSystem.cpp
aleksigron/kokko,src/Editor/EditorUI.cpp,src/Engine/JobSystem.cpp
aleksigron/kokko,src/Engine/Engine.cpp,src/Rendering/Renderer.cpp
aleksigron/kokko,src/Debug/Debug.cpp,src/Rendering/Renderer.cpp
Andrettin/Wyrmgus,src/database/database.cpp,src/map/map.h
Andrettin/Wyrmgus,src/unit/unit_type.cpp,src/map/map.h
Andrettin/Wyrmgus,src/spell/spell_polymorph.cpp,src/map/map.cpp
Andrettin/Wyrmgus,src/ui/widgets.cpp,src/map/map.cpp
Andrettin/Wyrmgus,src/action/action_attack.cpp,src/map/map.cpp
Andrettin/Wyrmgus,src/map/minimap.cpp,src/map/map.cpp
Andrettin/Wyrmgus,src/spell/spell_polymorph.cpp,src/ui/mouse.cpp
Andrettin/Wyrmgus,src/action/action_attack.cpp,src/ui/mouse.cpp
Andrettin/Wyrmgus,src/map/minimap.cpp,src/ui/mouse.cpp
Andrettin/Wyrmgus,src/ui/widgets.cpp,src/ui/mouse.cpp
Andrettin/Wyrmgus,src/ui/widgets.cpp,src/ui/mainscr.cpp
Andrettin/Wyrmgus,src/spell/spell_polymorph.cpp,src/ui/mainscr.cpp
Andrettin/Wyrmgus,src/map/minimap.cpp,src/ui/mainscr.cpp
Andrettin/Wyrmgus,src/action/action_attack.cpp,src/ui/mainscr.cpp
Andrettin/Wyrmgus,src/action/action_attack.cpp,src/map/map_fog.cpp
Andrettin/Wyrmgus,src/spell/spell_polymorph.cpp,src/map/map_fog.cpp
Andrettin/Wyrmgus,src/ui/widgets.cpp,src/map/map_fog.cpp
Andrettin/Wyrmgus,src/map/minimap.cpp,src/map/map_fog.cpp
Andrettin/Wyrmgus,src/unit/unit_type.cpp,src/unit/unit_find.h
Andrettin/Wyrmgus,src/database/database.cpp,src/unit/unit_find.h
Andrettin/Wyrmgus,src/map/minimap.cpp,src/unit/unit_find.cpp
Andrettin/Wyrmgus,src/ui/widgets.cpp,src/unit/unit_find.cpp
Andrettin/Wyrmgus,src/spell/spell_polymorph.cpp,src/unit/unit_find.cpp
Andrettin/Wyrmgus,src/action/action_attack.cpp,src/unit/unit_find.cpp
Andrettin/Wyrmgus,src/stratagus/stratagus.cpp,src/pathfinder/astar.cpp
Andrettin/Wyrmgus,src/game/savegame.cpp,src/pathfinder/astar.cpp
Andrettin/Wyrmgus,src/stratagus/character.cpp,src/pathfinder/astar.cpp
Andrettin/Wyrmgus,src/unit/build.cpp,src/pathfinder/astar.cpp
Andrettin/Wyrmgus,src/stratagus/stratagus.cpp,src/stratagus/selection.cpp
Andrettin/Wyrmgus,src/stratagus/character.cpp,src/stratagus/selection.cpp
Andrettin/Wyrmgus,src/game/savegame.cpp,src/stratagus/selection.cpp
Andrettin/Wyrmgus,src/unit/build.cpp,src/stratagus/selection.cpp
LibrePCB/LibrePCB,libs/librepcb/projecteditor/boardeditor/boardeditor.cpp,apps/librepcb/main.cpp
Remi-Coulom/joedb,src/joedb/concurrency/Connection.h,src/joedb/io/Interpreter.h
Remi-Coulom/joedb,src/joedb/Multiplexer.h,src/joedb/io/Interpreter.h
Remi-Coulom/joedb,src/joedb/journal/Generic_File.cpp,src/joedb/io/Interpreter.h
Remi-Coulom/joedb,src/joedb/journal/Memory_File.h,src/joedb/io/Interpreter.h
Remi-Coulom/joedb,doc/source/tutorial/concurrency_tutorial.cpp,src/joedb/io/Interpreter.h
Remi-Coulom/joedb,src/joedb/interpreter/Database.h,src/joedb/io/Interpreter.h
Remi-Coulom/joedb,src/joedb/concurrency/Connection.h,src/joedb/journal/Stream_File.cpp
Remi-Coulom/joedb,src/joedb/Multiplexer.h,src/joedb/journal/Stream_File.cpp
Remi-Coulom/joedb,src/joedb/journal/Memory_File.h,src/joedb/journal/Stream_File.cpp
Remi-Coulom/joedb,doc/source/tutorial/concurrency_tutorial.cpp,src/joedb/journal/Stream_File.cpp
Remi-Coulom/joedb,src/joedb/journal/Generic_File.cpp,src/joedb/journal/Stream_File.cpp
Remi-Coulom/joedb,src/joedb/interpreter/Database.h,src/joedb/journal/Stream_File.cpp
Remi-Coulom/joedb,src/joedb/journal/Generic_File.cpp,src/joedb/journal/Portable_File.cpp
Remi-Coulom/joedb,src/joedb/Multiplexer.h,src/joedb/journal/Portable_File.cpp
Remi-Coulom/joedb,src/joedb/concurrency/Connection.h,src/joedb/journal/Portable_File.cpp
Remi-Coulom/joedb,src/joedb/interpreter/Database.h,src/joedb/journal/Portable_File.cpp
Remi-Coulom/joedb,src/joedb/journal/Memory_File.h,src/joedb/journal/Portable_File.cpp
Remi-Coulom/joedb,doc/source/tutorial/concurrency_tutorial.cpp,src/joedb/journal/Portable_File.cpp
Remi-Coulom/joedb,src/joedb/Multiplexer.h,src/joedb/journal/Readonly_Journal.h
Remi-Coulom/joedb,src/joedb/interpreter/Database.h,src/joedb/journal/Readonly_Journal.h
Remi-Coulom/joedb,src/joedb/concurrency/Connection.h,src/joedb/journal/Readonly_Journal.h
Remi-Coulom/joedb,doc/source/tutorial/concurrency_tutorial.cpp,src/joedb/journal/Readonly_Journal.h
Remi-Coulom/joedb,src/joedb/journal/Generic_File.cpp,src/joedb/journal/Readonly_Journal.h
Remi-Coulom/joedb,src/joedb/journal/Memory_File.h,src/joedb/journal/Readonly_Journal.h
Remi-Coulom/joedb,src/joedb/concurrency/Server_Connection.h,src/joedb/io/run_interpreted_client.h
Remi-Coulom/joedb,src/joedb/io/joedb_ssh_client.cpp,src/joedb/io/run_interpreted_client.h
Remi-Coulom/joedb,src/joedb/interpreter/Database_Schema.h,src/joedb/io/run_interpreted_client.h
Remi-Coulom/joedb,src/joedb/journal/Interpreted_File.cpp,src/joedb/io/run_interpreted_client.h
Remi-Coulom/joedb,src/joedb/Posthumous_Thrower.h,src/joedb/io/run_interpreted_client.h
Remi-Coulom/joedb,src/joedb/concurrency/Server.h,src/joedb/io/run_interpreted_client.h
Remi-Coulom/joedb,src/joedb/journal/SHA_256.h,src/joedb/io/run_interpreted_client.h
Sigil-Ebook/Sigil,src/MainUI/MainWindow.h,src/ViewEditors/CodeViewEditor.cpp
atari800/atari800,src/file_save.h,src/file_save.c
baldurk/renderdoc,qrenderdoc/Windows/BufferViewer.cpp,renderdoc/driver/d3d12/d3d12_device.h
baldurk/renderdoc,qrenderdoc/Windows/BufferViewer.cpp,renderdoc/driver/d3d12/d3d12_device.cpp
baldurk/renderdoc,qrenderdoc/Windows/BufferViewer.cpp,renderdoc/driver/d3d12/d3d12_replay.cpp
baldurk/renderdoc,renderdoc/driver/shaders/dxil/llvm_encoder.cpp,renderdoc/driver/d3d12/d3d12_shader_feedback.cpp
baldurk/renderdoc,renderdoc/driver/shaders/dxil/llvm_encoder.h,renderdoc/driver/d3d12/d3d12_shader_feedback.cpp
baldurk/renderdoc,renderdoc/driver/shaders/dxil/llvm_encoder.h,renderdoc/driver/shaders/dxil/dxil_bytecode_editor.h
baldurk/renderdoc,renderdoc/driver/shaders/dxil/llvm_encoder.cpp,renderdoc/driver/shaders/dxil/dxil_bytecode_editor.h
exodusdb/exodusdb,exodus/libexodus/exodus/mvglobalfuncs.cpp,exodus/libexodus/exodus/mvprogram.cpp
exodusdb/exodusdb,exodus/libexodus/exodus/mv.h,exodus/libexodus/exodus/mvprogram.cpp
facebook/watchman,watchman/cmds/find.cpp,watchman/root/init.cpp
facebook/watchman,watchman/main.cpp,watchman/root/init.cpp
facebook/watchman,watchman/state.cpp,watchman/root/init.cpp
facebook/watchman,watchman/query/glob.cpp,watchman/root/init.cpp
facebook/watchman,watchman/query/intcompare.cpp,watchman/root/init.cpp
facebook/watchman,watchman/query/base.cpp,watchman/root/init.cpp
facebook/watchman,watchman/spawn.cpp,watchman/root/init.cpp
facebook/watchman,watchman/query/dirname.cpp,watchman/root/init.cpp
facebook/watchman,watchman/query/name.cpp,watchman/root/init.cpp
facebook/watchman,watchman/watchman_cmd.h,watchman/root/init.cpp
facebook/watchman,watchman/launchd.cpp,watchman/root/init.cpp
facebook/watchman,watchman/CommandRegistry.h,watchman/root/init.cpp
facebook/watchman,watchman/watchman.h,watchman/root/init.cpp
facebook/watchman,watchman/query/parse.cpp,watchman/root/init.cpp
facebook/watchman,watchman/cppclient/WatchmanClient.cpp,watchman/root/init.cpp
facebook/watchman,watchman/query/since.cpp,watchman/root/init.cpp
facebook/watchman,watchman/listener.cpp,watchman/root/init.cpp
facebook/watchman,watchman/watchman_client.h,watchman/root/init.cpp
facebook/watchman,watchman/CommandRegistry.cpp,watchman/root/init.cpp
facebook/watchman,watchman/watchman_string.h,watchman/root/init.cpp
facebook/watchman,watchman/watchman_trigger.h,watchman/root/init.cpp
facebook/watchman,watchman/QueryableView.cpp,watchman/root/init.cpp
facebook/watchman,watchman/query/suffix.cpp,watchman/root/init.cpp
facebook/watchman,watchman/cmds/reg.cpp,watchman/root/init.cpp
facebook/watchman,watchman/query/match.cpp,watchman/root/init.cpp
facebook/watchman,watchman/query/pcre.cpp,watchman/root/init.cpp
facebook/watchman,watchman/query/fieldlist.cpp,watchman/root/init.cpp
facebook/watchman,watchman/query/type.cpp,watchman/root/init.cpp
facebook/watchman,watchman/query/match.cpp,watchman/root/sync.cpp
facebook/watchman,watchman/watchman_client.h,watchman/root/sync.cpp
facebook/watchman,watchman/watchman.h,watchman/root/sync.cpp
facebook/watchman,watchman/watchman_trigger.h,watchman/root/sync.cpp
facebook/watchman,watchman/launchd.cpp,watchman/root/sync.cpp
facebook/watchman,watchman/cppclient/WatchmanClient.cpp,watchman/root/sync.cpp
facebook/watchman,watchman/CommandRegistry.cpp,watchman/root/sync.cpp
facebook/watchman,watchman/query/name.cpp,watchman/root/sync.cpp
facebook/watchman,watchman/listener.cpp,watchman/root/sync.cpp
facebook/watchman,watchman/state.cpp,watchman/root/sync.cpp
facebook/watchman,watchman/query/fieldlist.cpp,watchman/root/sync.cpp
facebook/watchman,watchman/query/type.cpp,watchman/root/sync.cpp
facebook/watchman,watchman/QueryableView.cpp,watchman/root/sync.cpp
facebook/watchman,watchman/query/parse.cpp,watchman/root/sync.cpp
facebook/watchman,watchman/query/dirname.cpp,watchman/root/sync.cpp
facebook/watchman,watchman/cmds/find.cpp,watchman/root/sync.cpp
facebook/watchman,watchman/query/suffix.cpp,watchman/root/sync.cpp
facebook/watchman,watchman/watchman_string.h,watchman/root/sync.cpp
facebook/watchman,watchman/cmds/reg.cpp,watchman/root/sync.cpp
facebook/watchman,watchman/query/base.cpp,watchman/root/sync.cpp
facebook/watchman,watchman/query/intcompare.cpp,watchman/root/sync.cpp
facebook/watchman,watchman/main.cpp,watchman/root/sync.cpp
facebook/watchman,watchman/query/glob.cpp,watchman/root/sync.cpp
facebook/watchman,watchman/watchman_cmd.h,watchman/root/sync.cpp
facebook/watchman,watchman/query/since.cpp,watchman/root/sync.cpp
facebook/watchman,watchman/spawn.cpp,watchman/root/sync.cpp
facebook/watchman,watchman/query/pcre.cpp,watchman/root/sync.cpp
facebook/watchman,watchman/CommandRegistry.h,watchman/root/sync.cpp
facebook/watchman,watchman/query/since.cpp,watchman/root/iothread.cpp
facebook/watchman,watchman/QueryableView.cpp,watchman/root/iothread.cpp
facebook/watchman,watchman/watchman.h,watchman/root/iothread.cpp
facebook/watchman,watchman/query/fieldlist.cpp,watchman/root/iothread.cpp
facebook/watchman,watchman/query/base.cpp,watchman/root/iothread.cpp
facebook/watchman,watchman/query/match.cpp,watchman/root/iothread.cpp
facebook/watchman,watchman/watchman_client.h,watchman/root/iothread.cpp
facebook/watchman,watchman/query/name.cpp,watchman/root/iothread.cpp
facebook/watchman,watchman/query/parse.cpp,watchman/root/iothread.cpp
facebook/watchman,watchman/cppclient/WatchmanClient.cpp,watchman/root/iothread.cpp
facebook/watchman,watchman/listener.cpp,watchman/root/iothread.cpp
facebook/watchman,watchman/cmds/reg.cpp,watchman/root/iothread.cpp
facebook/watchman,watchman/main.cpp,watchman/root/iothread.cpp
facebook/watchman,watchman/watchman_cmd.h,watchman/root/iothread.cpp
facebook/watchman,watchman/CommandRegistry.h,watchman/root/iothread.cpp
facebook/watchman,watchman/launchd.cpp,watchman/root/iothread.cpp
facebook/watchman,watchman/query/pcre.cpp,watchman/root/iothread.cpp
facebook/watchman,watchman/cmds/find.cpp,watchman/root/iothread.cpp
facebook/watchman,watchman/spawn.cpp,watchman/root/iothread.cpp
facebook/watchman,watchman/watchman_string.h,watchman/root/iothread.cpp
facebook/watchman,watchman/CommandRegistry.cpp,watchman/root/iothread.cpp
facebook/watchman,watchman/query/intcompare.cpp,watchman/root/iothread.cpp
facebook/watchman,watchman/query/dirname.cpp,watchman/root/iothread.cpp
facebook/watchman,watchman/query/suffix.cpp,watchman/root/iothread.cpp
facebook/watchman,watchman/query/type.cpp,watchman/root/iothread.cpp
facebook/watchman,watchman/state.cpp,watchman/root/iothread.cpp
facebook/watchman,watchman/query/glob.cpp,watchman/root/iothread.cpp
facebook/watchman,watchman/watchman_trigger.h,watchman/root/iothread.cpp
facebook/watchman,watchman/query/fieldlist.cpp,watchman/root/threading.cpp
facebook/watchman,watchman/query/since.cpp,watchman/root/threading.cpp
facebook/watchman,watchman/cmds/reg.cpp,watchman/root/threading.cpp
facebook/watchman,watchman/query/pcre.cpp,watchman/root/threading.cpp
facebook/watchman,watchman/listener.cpp,watchman/root/threading.cpp
facebook/watchman,watchman/launchd.cpp,watchman/root/threading.cpp
facebook/watchman,watchman/watchman_string.h,watchman/root/threading.cpp
facebook/watchman,watchman/query/suffix.cpp,watchman/root/threading.cpp
facebook/watchman,watchman/spawn.cpp,watchman/root/threading.cpp
facebook/watchman,watchman/watchman_client.h,watchman/root/threading.cpp
facebook/watchman,watchman/query/type.cpp,watchman/root/threading.cpp
facebook/watchman,watchman/CommandRegistry.cpp,watchman/root/threading.cpp
facebook/watchman,watchman/state.cpp,watchman/root/threading.cpp
facebook/watchman,watchman/CommandRegistry.h,watchman/root/threading.cpp
facebook/watchman,watchman/query/base.cpp,watchman/root/threading.cpp
facebook/watchman,watchman/QueryableView.cpp,watchman/root/threading.cpp
facebook/watchman,watchman/watchman_trigger.h,watchman/root/threading.cpp
facebook/watchman,watchman/query/glob.cpp,watchman/root/threading.cpp
facebook/watchman,watchman/query/parse.cpp,watchman/root/threading.cpp
facebook/watchman,watchman/query/match.cpp,watchman/root/threading.cpp
facebook/watchman,watchman/query/dirname.cpp,watchman/root/threading.cpp
facebook/watchman,watchman/main.cpp,watchman/root/threading.cpp
facebook/watchman,watchman/cmds/find.cpp,watchman/root/threading.cpp
facebook/watchman,watchman/watchman_cmd.h,watchman/root/threading.cpp
facebook/watchman,watchman/query/intcompare.cpp,watchman/root/threading.cpp
facebook/watchman,watchman/watchman.h,watchman/root/threading.cpp
facebook/watchman,watchman/cppclient/WatchmanClient.cpp,watchman/root/threading.cpp
facebook/watchman,watchman/query/name.cpp,watchman/root/threading.cpp
facebook/watchman,watchman/cmds/find.cpp,watchman/watcher/fsevents.cpp
facebook/watchman,watchman/CommandRegistry.h,watchman/watcher/fsevents.cpp
facebook/watchman,watchman/query/dirname.cpp,watchman/watcher/fsevents.cpp
facebook/watchman,watchman/cmds/reg.cpp,watchman/watcher/fsevents.cpp
facebook/watchman,watchman/QueryableView.cpp,watchman/watcher/fsevents.cpp
facebook/watchman,watchman/query/since.cpp,watchman/watcher/fsevents.cpp
facebook/watchman,watchman/query/type.cpp,watchman/watcher/fsevents.cpp
facebook/watchman,watchman/query/suffix.cpp,watchman/watcher/fsevents.cpp
facebook/watchman,watchman/query/glob.cpp,watchman/watcher/fsevents.cpp
facebook/watchman,watchman/query/intcompare.cpp,watchman/watcher/fsevents.cpp
facebook/watchman,watchman/query/parse.cpp,watchman/watcher/fsevents.cpp
facebook/watchman,watchman/listener.cpp,watchman/watcher/fsevents.cpp
facebook/watchman,watchman/main.cpp,watchman/watcher/fsevents.cpp
facebook/watchman,watchman/watchman_client.h,watchman/watcher/fsevents.cpp
facebook/watchman,watchman/query/fieldlist.cpp,watchman/watcher/fsevents.cpp
facebook/watchman,watchman/watchman_trigger.h,watchman/watcher/fsevents.cpp
facebook/watchman,watchman/launchd.cpp,watchman/watcher/fsevents.cpp
facebook/watchman,watchman/CommandRegistry.cpp,watchman/watcher/fsevents.cpp
facebook/watchman,watchman/watchman_cmd.h,watchman/watcher/fsevents.cpp
facebook/watchman,watchman/query/base.cpp,watchman/watcher/fsevents.cpp
facebook/watchman,watchman/spawn.cpp,watchman/watcher/fsevents.cpp
facebook/watchman,watchman/watchman_string.h,watchman/watcher/fsevents.cpp
facebook/watchman,watchman/query/name.cpp,watchman/watcher/fsevents.cpp
facebook/watchman,watchman/query/pcre.cpp,watchman/watcher/fsevents.cpp
facebook/watchman,watchman/cppclient/WatchmanClient.cpp,watchman/watcher/fsevents.cpp
facebook/watchman,watchman/watchman.h,watchman/watcher/fsevents.cpp
facebook/watchman,watchman/query/match.cpp,watchman/watcher/fsevents.cpp
facebook/watchman,watchman/state.cpp,watchman/watcher/fsevents.cpp
ftomei/CRITERIA3D,agrolib/weatherGenerator2D/wg2doutputmanagement.cpp,agrolib/snow/snow.cpp
kdave/btrfs-progs,convert/main.c,image/main.c
librsync/librsync,src/isprefix.h,src/job.c
librsync/librsync,src/librsync.h,src/job.c
librsync/librsync,src/librsync.h,src/tube.c
librsync/librsync,src/isprefix.h,src/tube.c
librsync/librsync,src/isprefix.h,src/delta.c
librsync/librsync,src/librsync.h,src/delta.c
librsync/librsync,src/isprefix.h,src/patch.c
librsync/librsync,src/librsync.h,src/patch.c
librsync/librsync,src/librsync.h,src/scoop.c
librsync/librsync,src/isprefix.h,src/scoop.c
librsync/librsync,src/librsync.h,src/netint.c
librsync/librsync,src/isprefix.h,src/netint.c
opencog/atomspace,opencog/persist/sexpr/ValueSexpr.cc,opencog/persist/sexpr/AtomSexpr.cc
sbennett1990/YESS,src/memory.c,src/fetchStage.c
sbennett1990/YESS,src/instructions.h,src/fetchStage.c
sbennett1990/YESS,src/decodeStage.c,src/fetchStage.c
sbennett1990/YESS,src/memoryStage.c,src/fetchStage.c
Bill-Gray/find_orb,mpc_obs.cpp,miscell.cpp
Bill-Gray/find_orb,mpc_obs.h,miscell.cpp
Bill-Gray/find_orb,mpc_obs.cpp,elem_out.cpp
Bill-Gray/find_orb,mpc_obs.h,elem_out.cpp
Bill-Gray/find_orb,mpc_obs.h,orb_func.cpp
Bill-Gray/find_orb,mpc_obs.cpp,orb_func.cpp
ajweeks/FlexEngine,FlexEngine/include/Player.hpp,FlexEngine/src/PlayerController.cpp
ajweeks/FlexEngine,FlexEngine/include/Player.hpp,FlexEngine/include/PlayerController.hpp
ajweeks/FlexEngine,FlexEngine/include/Player.hpp,FlexEngine/include/Graphics/RendererTypes.hpp
henrypp/simplewall,src/messages.c,src/log.c
henrypp/simplewall,src/controls.c,src/log.c
kmatheussen/radium,mixergui/QM_chip.cpp,Qt/Qt_Main.cpp
kmatheussen/radium,mixergui/QM_chip.cpp,mixergui/QM_MixerWidget.cpp
paul-j-lucas/cdecl,src/c_sname.h,src/c_sname.c
bibletime/bibletime,src/frontend/searchdialog/csearchdialog.h,src/backend/filters/gbftohtml.cpp
bibletime/bibletime,src/frontend/display/modelview/btquickwidget.h,src/frontend/display/modelview/bttextfilter.cpp
bibletime/bibletime,src/frontend/display/modelview/btquickwidget.cpp,src/frontend/display/modelview/bttextfilter.cpp
bibletime/bibletime,src/frontend/display/modelview/bttextfilter.h,src/frontend/display/modelview/bttextfilter.cpp
bibletime/bibletime,src/frontend/searchdialog/csearchdialog.h,src/frontend/searchdialog/btsearchoptionsarea.cpp
morganbengtsson/mos,src/mos/gfx/gpu/texture_2d.cpp,src/mos/gfx/gpu/model.cpp
morganbengtsson/mos,src/mos/gfx/renderer/model.hpp,src/mos/gfx/gpu/model.cpp
morganbengtsson/mos,include/mos/gfx/gpu/texture_2d.hpp,src/mos/gfx/gpu/model.cpp
project-gemmi/gemmi,python/sym.cpp,include/gemmi/symmetry.hpp
worldforge/cyphesis,src/rules/ai/AwareMind.cpp,src/rules/simulation/PhysicalDomain.cpp
lighttpd/lighttpd1.4,src/chunk.c,src/server.c
Victor-Haefner/polyvr,src/core/scripting/VRPyNetworking.cpp,src/core/objects/geometry/sprite/VRSprite.cpp
bradharding/doomretro,src/d_deh.h,src/info.c
bradharding/doomretro,src/p_setup.c,src/info.c
bradharding/doomretro,src/d_deh.h,src/p_map.c
bradharding/doomretro,src/p_setup.c,src/p_map.c
bradharding/doomretro,src/d_deh.h,src/w_wad.c
bradharding/doomretro,src/p_setup.c,src/w_wad.c
bradharding/doomretro,src/d_deh.h,src/m_menu.c
bradharding/doomretro,src/p_setup.c,src/m_menu.c
bradharding/doomretro,src/p_setup.c,src/p_mobj.c
bradharding/doomretro,src/d_deh.h,src/p_mobj.c
bradharding/doomretro,src/d_deh.h,src/p_spec.c
bradharding/doomretro,src/p_setup.c,src/p_spec.c
bradharding/doomretro,src/d_deh.h,src/p_inter.c
bradharding/doomretro,src/p_setup.c,src/p_inter.c
bradharding/doomretro,src/p_setup.c,src/r_things.c
bradharding/doomretro,src/d_deh.h,src/r_things.c
bradharding/doomretro,src/p_setup.c,src/st_stuff.c
bradharding/doomretro,src/d_deh.h,src/st_stuff.c
bradharding/doomretro,src/p_setup.c,src/wi_stuff.c
bradharding/doomretro,src/d_deh.h,src/wi_stuff.c
martinrotter/rssguard,src/librssguard/gui/dialogs/formsettings.cpp,src/librssguard/gui/feedsview.cpp
martinrotter/rssguard,src/librssguard/gui/dialogs/formsettings.cpp,src/librssguard/miscellaneous/settings.h
martinrotter/rssguard,src/librssguard/gui/dialogs/formsettings.cpp,src/librssguard/definitions/definitions.h
martinrotter/rssguard,src/librssguard/gui/dialogs/formsettings.cpp,src/librssguard/miscellaneous/settings.cpp
martinrotter/rssguard,src/librssguard/gui/dialogs/formsettings.cpp,src/librssguard/gui/settings/settingsfeedsmessages.cpp
sekiguchi-nagisa/ydsh,tools/analyzer/server.h,tools/analyzer/indexer.h
sekiguchi-nagisa/ydsh,tools/analyzer/server.cpp,tools/analyzer/indexer.h
sekiguchi-nagisa/ydsh,tools/analyzer/server.h,tools/analyzer/analyzer.cpp
sekiguchi-nagisa/ydsh,tools/analyzer/server.cpp,tools/analyzer/analyzer.cpp
sergeykhbr/riscv_vhdl,debugger/src/common/riscv-isa.h,debugger/src/cpu_sysc_plugin/riverlib/core/csr.h
sergeykhbr/riscv_vhdl,debugger/src/common/riscv-isa.h,debugger/src/cpu_sysc_plugin/riverlib/core/proc.h
sergeykhbr/riscv_vhdl,debugger/src/common/riscv-isa.h,debugger/src/cpu_sysc_plugin/riverlib/river_cfg.h
sergeykhbr/riscv_vhdl,debugger/src/common/riscv-isa.h,debugger/src/cpu_sysc_plugin/riverlib/core/csr.cpp
sergeykhbr/riscv_vhdl,debugger/src/common/riscv-isa.h,debugger/src/cpu_sysc_plugin/riverlib/core/proc.cpp
sergeykhbr/riscv_vhdl,debugger/src/common/riscv-isa.h,debugger/src/cpu_sysc_plugin/riverlib/core/execute.h
sergeykhbr/riscv_vhdl,debugger/src/common/riscv-isa.h,debugger/src/cpu_sysc_plugin/riverlib/core/execute.cpp
sergeykhbr/riscv_vhdl,debugger/src/common/riscv-isa.h,debugger/src/cpu_sysc_plugin/riverlib/core/memaccess.h
sergeykhbr/riscv_vhdl,debugger/src/common/riscv-isa.h,debugger/src/cpu_sysc_plugin/riverlib/core/regibank.cpp
wolfetplayer/RealRTCW,code/game/bg_public.h,code/game/bg_misc.c
wolfetplayer/RealRTCW,code/game/bg_public.h,code/game/bg_pmove.c
xfce-mirror/ristretto,src/file.c,src/util.c
xfce-mirror/ristretto,src/properties_dialog.c,src/util.c
xfce-mirror/ristretto,src/monitor_chooser.c,src/util.c
xfce-mirror/ristretto,src/file.h,src/util.c
xfce-mirror/ristretto,src/privacy_dialog.c,src/util.c
xfce-mirror/ristretto,src/monitor_chooser.c,src/util.h
xfce-mirror/ristretto,src/file.h,src/util.h
xfce-mirror/ristretto,src/privacy_dialog.c,src/util.h
xfce-mirror/ristretto,src/properties_dialog.c,src/util.h
xfce-mirror/ristretto,src/file.c,src/util.h
xfce-mirror/ristretto,src/xfce_wallpaper_manager.c,src/image_list.c
xfce-mirror/ristretto,src/xfce_wallpaper_manager.c,src/preferences_dialog.c
ColinIanKing/stress-ng,stress-aio-linux.c,stress-mq.c
ColinIanKing/stress-ng,stress-cpu.c,stress-msg.c
ColinIanKing/stress-ng,stress-cache.c,stress-msg.c
ColinIanKing/stress-ng,stress-aio-linux.c,stress-xattr.c
cnr-isti-vclab/meshlab,src/meshlab/dialogs/filter_dock_dialog.cpp,src/common/utilities/load_save.cpp
cnr-isti-vclab/meshlab,src/meshlab/gui_utils/vertical_scroll_area.cpp,src/common/utilities/load_save.cpp
cnr-isti-vclab/meshlab,src/meshlab/gui_utils/vertical_scroll_area.h,src/common/utilities/load_save.cpp
cnr-isti-vclab/meshlab,src/common/utilities/eigen_mesh_conversions.h,src/common/utilities/load_save.cpp
cnr-isti-vclab/meshlab,src/common/utilities/eigen_mesh_conversions.cpp,src/common/utilities/load_save.cpp
cnr-isti-vclab/meshlab,src/meshlab/dialogs/filter_dock_dialog.h,src/common/utilities/load_save.cpp
cnr-isti-vclab/meshlab,src/common/utilities/eigen_mesh_conversions.cpp,src/meshlabplugins/filter_io_nxs/filter_io_nxs.cpp
cnr-isti-vclab/meshlab,src/meshlab/gui_utils/vertical_scroll_area.cpp,src/meshlabplugins/filter_io_nxs/filter_io_nxs.cpp
cnr-isti-vclab/meshlab,src/meshlab/dialogs/filter_dock_dialog.h,src/meshlabplugins/filter_io_nxs/filter_io_nxs.cpp
cnr-isti-vclab/meshlab,src/common/utilities/eigen_mesh_conversions.h,src/meshlabplugins/filter_io_nxs/filter_io_nxs.cpp
cnr-isti-vclab/meshlab,src/meshlab/dialogs/filter_dock_dialog.cpp,src/meshlabplugins/filter_io_nxs/filter_io_nxs.cpp
cnr-isti-vclab/meshlab,src/meshlab/gui_utils/vertical_scroll_area.h,src/meshlabplugins/filter_io_nxs/filter_io_nxs.cpp
cnr-isti-vclab/meshlab,src/meshlab/dialogs/filter_dock_dialog.h,src/meshlab/dialogs/save_mesh_attributes_dialog.cpp
cnr-isti-vclab/meshlab,src/meshlab/gui_utils/vertical_scroll_area.cpp,src/meshlab/dialogs/save_mesh_attributes_dialog.cpp
cnr-isti-vclab/meshlab,src/meshlab/gui_utils/vertical_scroll_area.h,src/meshlab/dialogs/save_mesh_attributes_dialog.cpp
cnr-isti-vclab/meshlab,src/meshlab/dialogs/filter_dock_dialog.cpp,src/meshlab/dialogs/save_mesh_attributes_dialog.cpp
cnr-isti-vclab/meshlab,src/common/utilities/eigen_mesh_conversions.h,src/meshlab/dialogs/save_mesh_attributes_dialog.cpp
cnr-isti-vclab/meshlab,src/common/utilities/eigen_mesh_conversions.cpp,src/meshlab/dialogs/save_mesh_attributes_dialog.cpp
darktable-org/rawspeed,src/librawspeed/decoders/MosDecoder.cpp,src/librawspeed/common/Range.h
darktable-org/rawspeed,src/librawspeed/decompressors/SamsungV1Decompressor.cpp,src/librawspeed/common/Range.h
darktable-org/rawspeed,src/librawspeed/decoders/SrwDecoder.cpp,src/librawspeed/common/Range.h
darktable-org/rawspeed,src/librawspeed/decompressors/SamsungV2Decompressor.cpp,src/librawspeed/common/Range.h
darktable-org/rawspeed,src/librawspeed/decoders/KdcDecoder.cpp,src/librawspeed/common/Range.h
darktable-org/rawspeed,src/librawspeed/decompressors/LJpegDecompressor.cpp,src/librawspeed/common/Range.h
darktable-org/rawspeed,src/librawspeed/common/DngOpcodes.cpp,src/librawspeed/common/Range.h
darktable-org/rawspeed,src/librawspeed/common/RawImage.h,src/librawspeed/common/Range.h
darktable-org/rawspeed,src/librawspeed/metadata/CameraMetaData.cpp,src/librawspeed/common/Range.h
darktable-org/rawspeed,src/librawspeed/common/RawImage.cpp,src/librawspeed/common/Range.h
darktable-org/rawspeed,src/librawspeed/tiff/TiffEntry.cpp,src/librawspeed/common/Range.h
darktable-org/rawspeed,src/librawspeed/decompressors/NikonDecompressor.cpp,src/librawspeed/common/Range.h
darktable-org/rawspeed,src/librawspeed/decoders/OrfDecoder.cpp,src/librawspeed/common/Range.h
darktable-org/rawspeed,src/librawspeed/common/Common.h,src/librawspeed/common/Range.h
darktable-org/rawspeed,src/librawspeed/decompressors/SonyArw2Decompressor.cpp,src/librawspeed/common/Range.h
darktable-org/rawspeed,src/librawspeed/decoders/NefDecoder.cpp,src/librawspeed/common/Range.h
darktable-org/rawspeed,src/librawspeed/decoders/MosDecoder.h,src/librawspeed/common/Range.h
darktable-org/rawspeed,src/librawspeed/decoders/DcrDecoder.cpp,src/librawspeed/common/Range.h
darktable-org/rawspeed,src/librawspeed/common/RawImageDataU16.cpp,src/librawspeed/common/Range.h
darktable-org/rawspeed,src/librawspeed/decoders/RafDecoder.cpp,src/librawspeed/common/Range.h
darktable-org/rawspeed,src/librawspeed/decoders/RawDecoder.cpp,src/librawspeed/common/Range.h
darktable-org/rawspeed,src/utilities/identify/rawspeed-identify.cpp,src/librawspeed/common/Range.h
darktable-org/rawspeed,src/librawspeed/decoders/Cr2Decoder.cpp,src/librawspeed/common/Range.h
darktable-org/rawspeed,src/librawspeed/common/Array2DRef.h,src/librawspeed/common/DefaultInitAllocatorAdaptor.h
JNechaevsky/russian-doom,src/doom/wi_stuff.c,src/doom/p_pspr.c
JNechaevsky/russian-doom,src/heretic/r_things.c,src/doom/p_pspr.c
JNechaevsky/russian-doom,src/heretic/r_main.c,src/doom/p_pspr.c
JNechaevsky/russian-doom,src/heretic/r_things.c,src/doom/r_main.h
JNechaevsky/russian-doom,src/doom/wi_stuff.c,src/doom/r_main.h
JNechaevsky/russian-doom,src/heretic/r_main.c,src/doom/r_main.h
JNechaevsky/russian-doom,src/heretic/r_things.c,src/doom/r_plane.c
JNechaevsky/russian-doom,src/doom/wi_stuff.c,src/doom/r_plane.c
JNechaevsky/russian-doom,src/heretic/r_main.c,src/doom/r_plane.c
JNechaevsky/russian-doom,src/doom/wi_stuff.c,src/doom/st_stuff.c
JNechaevsky/russian-doom,src/heretic/r_things.c,src/doom/st_stuff.c
JNechaevsky/russian-doom,src/heretic/r_main.c,src/doom/st_stuff.c
JNechaevsky/russian-doom,src/heretic/r_things.c,src/heretic/p_mobj.c
JNechaevsky/russian-doom,src/heretic/r_main.c,src/heretic/p_mobj.c
JNechaevsky/russian-doom,src/doom/wi_stuff.c,src/heretic/p_mobj.c
beached/header_libraries,include/daw/daw_bounded_vector.h,include/daw/daw_cxmath.h
beached/header_libraries,include/daw/daw_arith_traits.h,include/daw/daw_uint_buffer.h
stohrendorf/EdisonEngine,src/audio/bufferhandle.cpp,src/audio/voice.h
stohrendorf/EdisonEngine,src/engine/objects/lightningemitter.cpp,src/audio/voice.h
stohrendorf/EdisonEngine,src/engine/world/room.cpp,src/audio/voice.h
stohrendorf/EdisonEngine,src/engine/script/scriptengine.cpp,src/audio/voice.h
stohrendorf/EdisonEngine,src/engine/objects/centaurstatue.h,src/audio/voice.h
stohrendorf/EdisonEngine,src/menu/idleringmenustate.cpp,src/audio/voice.h
stohrendorf/EdisonEngine,src/menu/savegamelistmenustate.cpp,src/audio/voice.h
stohrendorf/EdisonEngine,src/engine/objects/centaurstatue.cpp,src/audio/voice.h
stohrendorf/EdisonEngine,src/engine/objects/kold.h,src/audio/voice.h
stohrendorf/EdisonEngine,src/engine/objects/suspendedshack.cpp,src/audio/voice.h
stohrendorf/EdisonEngine,src/engine/objects/suspendedshack.h,src/audio/voice.h
stohrendorf/EdisonEngine,src/engine/floordata/floordata.h,src/audio/device.h
stohrendorf/EdisonEngine,src/engine/lara/abstractstatehandler.h,src/audio/device.h
stohrendorf/EdisonEngine,src/engine/lara/statehandler_50.h,src/audio/device.h
stohrendorf/EdisonEngine,src/engine/collisioninfo.cpp,src/audio/device.h
stohrendorf/EdisonEngine,src/edisonengine.cpp,src/audio/device.h
stohrendorf/EdisonEngine,src/engine/collisioninfo.h,src/audio/device.h
stohrendorf/EdisonEngine,src/engine/heightinfo.cpp,src/audio/device.h
stohrendorf/EdisonEngine,src/engine/objects/larson.cpp,src/video/player.cpp
stohrendorf/EdisonEngine,src/engine/objects/mutant.cpp,src/video/player.cpp
stohrendorf/EdisonEngine,src/engine/objects/mutantegg.h,src/video/player.cpp
stohrendorf/EdisonEngine,src/engine/objects/door.cpp,src/video/player.cpp
stohrendorf/EdisonEngine,src/engine/objects/doppelganger.h,src/video/player.cpp
stohrendorf/EdisonEngine,src/engine/objects/aiagent.h,src/video/player.cpp
stohrendorf/EdisonEngine,src/engine/objects/puzzlehole.cpp,src/video/player.cpp
stohrendorf/EdisonEngine,src/engine/objects/block.h,src/video/player.cpp
stohrendorf/EdisonEngine,src/engine/objects/boulder.cpp,src/video/player.cpp
stohrendorf/EdisonEngine,src/render/scene/renderer.cpp,src/video/player.cpp
stohrendorf/EdisonEngine,src/engine/objects/tallblock.h,src/video/player.cpp
stohrendorf/EdisonEngine,src/engine/objects/mutantegg.cpp,src/video/player.cpp
stohrendorf/EdisonEngine,src/engine/objects/spriteobject.cpp,src/video/player.cpp
stohrendorf/EdisonEngine,src/serialization/serialization.h,src/video/player.cpp
stohrendorf/EdisonEngine,src/engine/objects/objectstate.h,src/video/player.cpp
stohrendorf/EdisonEngine,src/engine/objects/spriteobject.h,src/video/player.cpp
stohrendorf/EdisonEngine,src/engine/objects/modelobject.h,src/video/player.cpp
stohrendorf/EdisonEngine,src/engine/objects/objectfactory.cpp,src/video/player.cpp
stohrendorf/EdisonEngine,src/engine/py_module.cpp,src/soglb/gl/window.cpp
stohrendorf/EdisonEngine,src/soglb/gl/glew_init.cpp,src/soglb/gl/window.cpp
stohrendorf/EdisonEngine,src/engine/objects/objectfactory.cpp,src/engine/audioengine.h
stohrendorf/EdisonEngine,src/render/scene/renderer.cpp,src/engine/audioengine.h
stohrendorf/EdisonEngine,src/engine/objects/objectstate.h,src/engine/audioengine.h
stohrendorf/EdisonEngine,src/engine/objects/tallblock.h,src/engine/audioengine.h
stohrendorf/EdisonEngine,src/engine/objects/mutantegg.cpp,src/engine/audioengine.h
stohrendorf/EdisonEngine,src/engine/objects/boulder.cpp,src/engine/audioengine.h
stohrendorf/EdisonEngine,src/engine/objects/larson.cpp,src/engine/audioengine.h
stohrendorf/EdisonEngine,src/engine/objects/door.cpp,src/engine/audioengine.h
stohrendorf/EdisonEngine,src/engine/objects/aiagent.h,src/engine/audioengine.h
stohrendorf/EdisonEngine,src/engine/objects/modelobject.h,src/engine/audioengine.h
stohrendorf/EdisonEngine,src/engine/objects/spriteobject.cpp,src/engine/audioengine.h
stohrendorf/EdisonEngine,src/serialization/serialization.h,src/engine/audioengine.h
stohrendorf/EdisonEngine,src/engine/objects/spriteobject.h,src/engine/audioengine.h
stohrendorf/EdisonEngine,src/engine/objects/block.h,src/engine/audioengine.h
stohrendorf/EdisonEngine,src/engine/objects/mutant.cpp,src/engine/audioengine.h
stohrendorf/EdisonEngine,src/engine/objects/mutantegg.h,src/engine/audioengine.h
stohrendorf/EdisonEngine,src/engine/objects/puzzlehole.cpp,src/engine/audioengine.h
stohrendorf/EdisonEngine,src/engine/objects/doppelganger.h,src/engine/audioengine.h
stohrendorf/EdisonEngine,src/soglb/gl/glew_init.cpp,src/engine/presenter.cpp
stohrendorf/EdisonEngine,src/engine/py_module.cpp,src/engine/presenter.cpp
stohrendorf/EdisonEngine,src/engine/objects/suspendedshack.cpp,src/engine/world/world.h
stohrendorf/EdisonEngine,src/engine/script/scriptengine.cpp,src/engine/world/world.h
stohrendorf/EdisonEngine,src/engine/world/room.cpp,src/engine/world/world.h
stohrendorf/EdisonEngine,src/engine/objects/suspendedshack.h,src/engine/world/world.h
stohrendorf/EdisonEngine,src/audio/bufferhandle.cpp,src/engine/world/world.h
stohrendorf/EdisonEngine,src/menu/savegamelistmenustate.cpp,src/engine/world/world.h
stohrendorf/EdisonEngine,src/engine/objects/lightningemitter.cpp,src/engine/world/world.h
stohrendorf/EdisonEngine,src/engine/objects/centaurstatue.cpp,src/engine/world/world.h
stohrendorf/EdisonEngine,src/engine/objects/centaurstatue.h,src/engine/world/world.h
stohrendorf/EdisonEngine,src/menu/idleringmenustate.cpp,src/engine/world/world.h
stohrendorf/EdisonEngine,src/engine/objects/kold.h,src/engine/world/world.h
stohrendorf/EdisonEngine,src/engine/py_module.cpp,src/menu/menudisplay.cpp
stohrendorf/EdisonEngine,src/soglb/gl/glew_init.cpp,src/menu/menudisplay.cpp
stohrendorf/EdisonEngine,src/render/scene/renderer.cpp,src/render/scene/node.cpp
stohrendorf/EdisonEngine,src/engine/objects/spriteobject.h,src/render/scene/node.cpp
stohrendorf/EdisonEngine,src/engine/objects/spriteobject.cpp,src/render/scene/node.cpp
stohrendorf/EdisonEngine,src/engine/objects/mutantegg.cpp,src/render/scene/node.cpp
stohrendorf/EdisonEngine,src/engine/objects/puzzlehole.cpp,src/render/scene/node.cpp
stohrendorf/EdisonEngine,src/engine/objects/larson.cpp,src/render/scene/node.cpp
stohrendorf/EdisonEngine,src/engine/objects/aiagent.h,src/render/scene/node.cpp
stohrendorf/EdisonEngine,src/engine/objects/objectfactory.cpp,src/render/scene/node.cpp
stohrendorf/EdisonEngine,src/engine/objects/doppelganger.h,src/render/scene/node.cpp
stohrendorf/EdisonEngine,src/engine/objects/door.cpp,src/render/scene/node.cpp
stohrendorf/EdisonEngine,src/serialization/serialization.h,src/render/scene/node.cpp
stohrendorf/EdisonEngine,src/engine/objects/mutantegg.h,src/render/scene/node.cpp
stohrendorf/EdisonEngine,src/engine/objects/objectstate.h,src/render/scene/node.cpp
stohrendorf/EdisonEngine,src/engine/objects/block.h,src/render/scene/node.cpp
stohrendorf/EdisonEngine,src/engine/objects/tallblock.h,src/render/scene/node.cpp
stohrendorf/EdisonEngine,src/engine/objects/modelobject.h,src/render/scene/node.cpp
stohrendorf/EdisonEngine,src/engine/objects/boulder.cpp,src/render/scene/node.cpp
stohrendorf/EdisonEngine,src/engine/objects/mutant.cpp,src/render/scene/node.cpp
stohrendorf/EdisonEngine,src/engine/objects/kold.h,src/audio/streamsource.cpp
stohrendorf/EdisonEngine,src/engine/script/scriptengine.cpp,src/audio/streamsource.cpp
stohrendorf/EdisonEngine,src/audio/bufferhandle.cpp,src/audio/streamsource.cpp
stohrendorf/EdisonEngine,src/engine/objects/suspendedshack.cpp,src/audio/streamsource.cpp
stohrendorf/EdisonEngine,src/engine/objects/centaurstatue.cpp,src/audio/streamsource.cpp
stohrendorf/EdisonEngine,src/engine/world/room.cpp,src/audio/streamsource.cpp
stohrendorf/EdisonEngine,src/menu/idleringmenustate.cpp,src/audio/streamsource.cpp
stohrendorf/EdisonEngine,src/engine/objects/centaurstatue.h,src/audio/streamsource.cpp
stohrendorf/EdisonEngine,src/engine/objects/lightningemitter.cpp,src/audio/streamsource.cpp
stohrendorf/EdisonEngine,src/engine/objects/suspendedshack.h,src/audio/streamsource.cpp
stohrendorf/EdisonEngine,src/menu/savegamelistmenustate.cpp,src/audio/streamsource.cpp
stohrendorf/EdisonEngine,src/soglb/gl/glew_init.cpp,src/soglb/gl/renderstate.cpp
stohrendorf/EdisonEngine,src/engine/py_module.cpp,src/soglb/gl/renderstate.cpp
stohrendorf/EdisonEngine,src/engine/objects/mutant.cpp,src/render/renderpipeline.cpp
stohrendorf/EdisonEngine,src/serialization/serialization.h,src/render/renderpipeline.cpp
stohrendorf/EdisonEngine,src/engine/objects/larson.cpp,src/render/renderpipeline.cpp
stohrendorf/EdisonEngine,src/engine/objects/aiagent.h,src/render/renderpipeline.cpp
stohrendorf/EdisonEngine,src/engine/objects/spriteobject.cpp,src/render/renderpipeline.cpp
stohrendorf/EdisonEngine,src/engine/objects/spriteobject.h,src/render/renderpipeline.cpp
stohrendorf/EdisonEngine,src/engine/objects/door.cpp,src/render/renderpipeline.cpp
stohrendorf/EdisonEngine,src/engine/objects/boulder.cpp,src/render/renderpipeline.cpp
stohrendorf/EdisonEngine,src/engine/objects/mutantegg.cpp,src/render/renderpipeline.cpp
stohrendorf/EdisonEngine,src/engine/objects/objectfactory.cpp,src/render/renderpipeline.cpp
stohrendorf/EdisonEngine,src/engine/objects/doppelganger.h,src/render/renderpipeline.cpp
stohrendorf/EdisonEngine,src/engine/objects/objectstate.h,src/render/renderpipeline.cpp
stohrendorf/EdisonEngine,src/engine/objects/block.h,src/render/renderpipeline.cpp
stohrendorf/EdisonEngine,src/engine/objects/tallblock.h,src/render/renderpipeline.cpp
stohrendorf/EdisonEngine,src/engine/objects/puzzlehole.cpp,src/render/renderpipeline.cpp
stohrendorf/EdisonEngine,src/render/scene/renderer.cpp,src/render/renderpipeline.cpp
stohrendorf/EdisonEngine,src/engine/objects/mutantegg.h,src/render/renderpipeline.cpp
stohrendorf/EdisonEngine,src/engine/objects/modelobject.h,src/render/renderpipeline.cpp
stohrendorf/EdisonEngine,src/engine/collisioninfo.cpp,src/engine/cameracontroller.cpp
stohrendorf/EdisonEngine,src/engine/collisioninfo.h,src/engine/cameracontroller.cpp
stohrendorf/EdisonEngine,src/engine/floordata/floordata.h,src/engine/cameracontroller.cpp
stohrendorf/EdisonEngine,src/engine/lara/abstractstatehandler.h,src/engine/cameracontroller.cpp
stohrendorf/EdisonEngine,src/engine/heightinfo.cpp,src/engine/cameracontroller.cpp
stohrendorf/EdisonEngine,src/engine/lara/statehandler_50.h,src/engine/cameracontroller.cpp
stohrendorf/EdisonEngine,src/edisonengine.cpp,src/engine/cameracontroller.cpp
stohrendorf/EdisonEngine,src/engine/objects/tallblock.h,src/render/scene/materialmanager.cpp
stohrendorf/EdisonEngine,src/serialization/serialization.h,src/render/scene/materialmanager.cpp
stohrendorf/EdisonEngine,src/engine/objects/block.h,src/render/scene/materialmanager.cpp
stohrendorf/EdisonEngine,src/engine/objects/door.cpp,src/render/scene/materialmanager.cpp
stohrendorf/EdisonEngine,src/engine/objects/mutant.cpp,src/render/scene/materialmanager.cpp
stohrendorf/EdisonEngine,src/engine/objects/mutantegg.cpp,src/render/scene/materialmanager.cpp
stohrendorf/EdisonEngine,src/render/scene/renderer.cpp,src/render/scene/materialmanager.cpp
stohrendorf/EdisonEngine,src/engine/objects/puzzlehole.cpp,src/render/scene/materialmanager.cpp
stohrendorf/EdisonEngine,src/engine/objects/doppelganger.h,src/render/scene/materialmanager.cpp
stohrendorf/EdisonEngine,src/engine/objects/mutantegg.h,src/render/scene/materialmanager.cpp
stohrendorf/EdisonEngine,src/engine/objects/aiagent.h,src/render/scene/materialmanager.cpp
stohrendorf/EdisonEngine,src/engine/objects/larson.cpp,src/render/scene/materialmanager.cpp
stohrendorf/EdisonEngine,src/engine/objects/objectstate.h,src/render/scene/materialmanager.cpp
stohrendorf/EdisonEngine,src/engine/objects/spriteobject.h,src/render/scene/materialmanager.cpp
stohrendorf/EdisonEngine,src/engine/objects/boulder.cpp,src/render/scene/materialmanager.cpp
stohrendorf/EdisonEngine,src/engine/objects/objectfactory.cpp,src/render/scene/materialmanager.cpp
stohrendorf/EdisonEngine,src/engine/objects/spriteobject.cpp,src/render/scene/materialmanager.cpp
stohrendorf/EdisonEngine,src/engine/objects/modelobject.h,src/render/scene/materialmanager.cpp
coverclock/com-diag-hazer,Hazer/app/gpstool/types.h,Hazer/app/gpstool/main.c
lethal-guitar/RigelEngine,src/ui/options_menu.hpp,src/game_logic/game_world.cpp
OpenChemistry/avogadrolibs,avogadro/qtplugins/navigator/navigator.cpp,avogadro/qtplugins/overlayaxes/overlayaxes.cpp
ArmageddonGames/ZeldaClassic,src/gui/props.h,src/gui/label.h
ArmageddonGames/ZeldaClassic,src/gui/dialog.cpp,src/gui/dialog.h
ArmageddonGames/ZeldaClassic,src/gui/props.h,src/dialog/room.h
ArmageddonGames/ZeldaClassic,src/gui/props.h,src/gui/listData.h
ArmageddonGames/ZeldaClassic,src/gui/props.h,src/gui/makers.cpp
ArmageddonGames/ZeldaClassic,src/gui/props.h,src/gui/topLevel.h
ArmageddonGames/ZeldaClassic,src/gui/props.h,src/gui/dialogRef.h
ArmageddonGames/ZeldaClassic,src/gui/dialog.cpp,src/gui/textField.h
ArmageddonGames/ZeldaClassic,src/gui/props.h,src/gui/text_field.h
ArmageddonGames/ZeldaClassic,src/gui/props.h,src/gui/topLevel.cpp
ArmageddonGames/ZeldaClassic,src/gui/props.h,src/gui/dialogRef.cpp
ArmageddonGames/ZeldaClassic,src/gui/props.h,src/gui/textField.cpp
ArmageddonGames/ZeldaClassic,src/gui/props.h,src/gui/dialogRunner.h
ArmageddonGames/ZeldaClassic,src/gui/props.h,src/gui/dropDownList.h
ArmageddonGames/ZeldaClassic,src/gui/props.h,src/gui/text_field.cpp
ArmageddonGames/ZeldaClassic,src/gui/props.h,src/dialog/cheatCodes.h
ArmageddonGames/ZeldaClassic,src/gui/props.h,src/gui/dialogMessage.h
ArmageddonGames/ZeldaClassic,src/gui/props.h,src/dialog/setPassword.h
ArmageddonGames/ZeldaClassic,src/gui/props.h,src/gui/dialogRunner.cpp
ArmageddonGames/ZeldaClassic,src/gui/props.h,src/gui/dropDownList.cpp
ArmageddonGames/ZeldaClassic,src/gui/props.h,src/dialog/cheatCodes.cpp
ArmageddonGames/ZeldaClassic,src/gui/props.h,src/dialog/setPassword.cpp
NeoGeographyToolkit/StereoPipeline,src/asp/Gotcha/CDensifyParam.h,src/asp/Core/LocalAlignment.cc
NeoGeographyToolkit/StereoPipeline,src/asp/Gotcha/CProcBlock.cpp,src/asp/Core/LocalAlignment.cc
NeoGeographyToolkit/StereoPipeline,src/asp/Gotcha/CProcBlock.h,src/asp/Core/LocalAlignment.cc
NeoGeographyToolkit/StereoPipeline,src/asp/Gotcha/CBatchProc.h,src/asp/Core/LocalAlignment.cc
NeoGeographyToolkit/StereoPipeline,src/asp/Gotcha/CBatchProc.cpp,src/asp/Core/LocalAlignment.cc
NeoGeographyToolkit/StereoPipeline,src/asp/Gotcha/CDensify.cpp,src/asp/Core/LocalAlignment.cc
NeoGeographyToolkit/StereoPipeline,src/asp/Gotcha/CDensify.h,src/asp/Core/LocalAlignment.cc
